"";"Sample_name";"D0";"D1";"sd.D1";"D2";"sd.D2";"Evenness";"Organisation";"CV"
"HIGH_G05_65_t1_5000x.fcs";"HIGH_G05_65_t1_5000x.fcs";10950;3987,08486586547;36,2278128114497;2564,07645467395;30,0788984680092;0,275168107509976;0,0642636850774588;181,213484239827
"HIGH_G05_65_t5_5000x.fcs";"HIGH_G05_65_t5_5000x.fcs";9483;2825,97531962475;36,6749222557715;1758,74419761036;33,1103573966288;0,225897881568427;0,0698266604256245;209,953245740727
"HIGH_G05_88_t1_5000x.fcs";"HIGH_G05_88_t1_5000x.fcs";10401;3525,56462245221;31,8754054043765;2184,18262414194;41,2521531224769;0,257238443508726;0,0650506457425842;194,349812314416
"HIGH_G05_88_t5_5000x.fcs";"HIGH_G05_88_t5_5000x.fcs";8676;2593,86592607631;29,6411286030096;1606,10411485788;19,8994714455629;0,227112102104631;0,0724050038887794;209,688456639098
"HIGH_G06_65_t1_5000x.fcs";"HIGH_G06_65_t1_5000x.fcs";10983;3968,44490218664;40,435247451251;2506,33355020474;44,5830556606517;0,271533893954964;0,0684405990803547;183,463614456369
"HIGH_G06_65_t5_5000x.fcs";"HIGH_G06_65_t5_5000x.fcs";9210;2737,17143604755;34,4860310368536;1744,71542503251;35,4700460276675;0,225574614804083;0,0696339547369203;208,267996491311
"HIGH_G06_88_t1_5000x.fcs";"HIGH_G06_88_t1_5000x.fcs";10344;3547,89816636892;54,6948734222018;2148,622118317;42,112949860052;0,262395831034217;0,0610032851352006;195,463375730299
"HIGH_G06_88_t5_5000x.fcs";"HIGH_G06_88_t5_5000x.fcs";9324;2490,06906647068;38,6199549382332;1525,27105501563;33,4929824320863;0,203932610654209;0,0729813644081662;226,015551679008
"HIGH_G07_65_t1_5000x.fcs";"HIGH_G07_65_t1_5000x.fcs";10751;3917,87682017498;48,953367974043;2555,25350716155;43,60620623207;0,27447338203966;0,0664303166664044;180,728436088703
"HIGH_G07_65_t5_5000x.fcs";"HIGH_G07_65_t5_5000x.fcs";9529;2903,53519507681;31,219682227952;1808,62666348321;23,0810137759157;0,232112710577977;0,0700615944119459;207,564902513074
"HIGH_G07_88_t1_5000x.fcs";"HIGH_G07_88_t1_5000x.fcs";10781;3670,93149389798;57,1436052177175;2215,78178946541;43,4597347833965;0,259198183803588;0,0590092268550275;197,029326924459
"HIGH_G07_88_t5_5000x.fcs";"HIGH_G07_88_t5_5000x.fcs";8634;2360,71922967664;37,0351800715459;1418,75589639512;27,0661120931477;0,211143456644295;0,0679459092858102;225,967228228013
"HIGH_G08_65_t1_5000x.fcs";"HIGH_G08_65_t1_5000x.fcs";11587;4154,99720258421;52,757394759349;2687,40902481683;42,2380233044736;0,268734608187782;0,0670902181893507;181,074044816279
"HIGH_G08_65_t5_5000x.fcs";"HIGH_G08_65_t5_5000x.fcs";9542;2852,42572791594;45,001960028716;1803,18025786328;40,5597363078637;0,22759676836025;0,0734496609568367;207,330337725936
"HIGH_G08_88_t1_5000x.fcs";"HIGH_G08_88_t1_5000x.fcs";11512;3924,2207234862;36,5249841023118;2376,9997107637;48,670121365437;0,258680528392969;0,0562507136403214;195,625781949148
"HIGH_G08_88_t5_5000x.fcs";"HIGH_G08_88_t5_5000x.fcs";8560;2540,73181630142;32,0676807715322;1563,57204441245;37,3236049455851;0,22618903524168;0,0704785312854834;210,988568880965
"HIGH_G09_66_t1_5000x.fcs";"HIGH_G09_66_t1_5000x.fcs";11063;3928,66650738136;43,6268445677286;2571,3789750755;46,1110780658644;0,265685268283775;0,0654535839942896;181,388657895787
"HIGH_G09_66_t5_5000x.fcs";"HIGH_G09_66_t5_5000x.fcs";8740;2659,9433785625;36,3470821086105;1655,81093268601;31,137757099901;0,230922343567468;0,0711751172179778;206,506297296754
"HIGH_G09_89_t1_5000x.fcs";"HIGH_G09_89_t1_5000x.fcs";10843;3517,21413077569;39,9867318101709;2057,40169833474;34,5045871026395;0,2508370878613;0,0605769584039636;205,945652252755
"HIGH_G09_89_t5_5000x.fcs";"HIGH_G09_89_t5_5000x.fcs";8913;2330,26494152095;39,0185853071779;1369,39416740844;26,8544679719989;0,205123878359286;0,0632601257913222;235,55841139003
"HIGH_G10_66_t1_5000x.fcs";"HIGH_G10_66_t1_5000x.fcs";10502;4019,56807877191;56,9416943915375;2647,55022361143;53,1619820340378;0,286971842933461;0,0662533164779561;172,05340096314
"HIGH_G10_66_t5_5000x.fcs";"HIGH_G10_66_t5_5000x.fcs";9278;2741,72996651794;40,4966382366386;1658,07874943332;30,0583637264284;0,226620630533713;0,0690648984278627;214,154401231195
"HIGH_G10_89_t1_5000x.fcs";"HIGH_G10_89_t1_5000x.fcs";10896;3404,45086227671;47,0724570489578;2009,08350879426;36,7559436543233;0,241371669020361;0,0605779763175429;210,27373826048
"HIGH_G10_89_t5_5000x.fcs";"HIGH_G10_89_t5_5000x.fcs";9291;3047,62788303866;38,9948541364394;2000,09527681113;34,7240287985566;0,246108587555167;0,068192492445873;191,261106512482
"HIGH_G11_66_t1_5000x.fcs";"HIGH_G11_66_t1_5000x.fcs";10812;3980,80166162579;46,7946210389041;2678,64068152971;54,170537534349;0,27624259123338;0,0647099680217196;175,25541374577
"HIGH_G11_66_t5_5000x.fcs";"HIGH_G11_66_t5_5000x.fcs";8906;2718,18099022442;38,6784383852867;1694,65206743679;26,7576992074303;0,231887101920285;0,0742279111587356;206,761020778343
"HIGH_G11_89_t1_5000x.fcs";"HIGH_G11_89_t1_5000x.fcs";11098;3512,34639054592;39,6524503812221;2050,729902703;38,0759447141524;0,245106581376265;0,0570945948838119;209,332374162426
"HIGH_G11_89_t5_5000x.fcs";"HIGH_G11_89_t5_5000x.fcs";9080;2376,71723472404;26,6676030794751;1421,19623990144;22,5080309763057;0,202298579751568;0,0656862204777892;232,48033130289
"HIGH_G12_66_t1_5000x.fcs";"HIGH_G12_66_t1_5000x.fcs";10995;3853,14249141897;51,5800926917838;2559,35724043042;45,1010023866291;0,262463073314946;0,0700048751085956;182,431038230507
"HIGH_G12_66_t5_5000x.fcs";"HIGH_G12_66_t5_5000x.fcs";9082;2542,78068535584;40,3782079331978;1501,69352263665;23,8424183400257;0,217259494956715;0,0678867585410976;224,599277368433
"HIGH_G12_89_t1_5000x.fcs";"HIGH_G12_89_t1_5000x.fcs";10776;3391,22009765705;38,8933292628704;1976,47772057304;39,3408434517182;0,245026011298328;0,0592993611142802;210,767346156352
"HIGH_G12_89_t5_5000x.fcs";"HIGH_G12_89_t5_5000x.fcs";9092;2937,7044015648;35,716706354133;1953,11511782727;33,6750927836611;0,244024818105036;0,0701558776211263;192,217497603519
"HIGH_H01_67_t1_5000x.fcs";"HIGH_H01_67_t1_5000x.fcs";11438;4223,26215824402;41,4998121290308;2872,68801390188;34,4188679168007;0,275247922291754;0,0749610480166592;172,207113723006
"HIGH_H01_67_t5_5000x.fcs";"HIGH_H01_67_t5_5000x.fcs";8974;3034,14636220863;45,6300399652424;1944,99314750445;42,1475615067009;0,253637542625733;0,066516520076894;189,409435205631
"HIGH_H01_90_t1_5000x.fcs";"HIGH_H01_90_t1_5000x.fcs";10804;3877,44869615839;41,9291959445746;2398,55367624629;46,4448194777001;0,272606475208499;0,0601317714235311;186,858166684216
"HIGH_H01_90_t5_5000x.fcs";"HIGH_H01_90_t5_5000x.fcs";8462;2869,17543470185;31,5736678770548;1822,74640531463;42,6291623260838;0,253980401513765;0,0698896993362683;191,202688091167
"HIGH_H02_67_t1_5000x.fcs";"HIGH_H02_67_t1_5000x.fcs";10607;4005,74589326228;40,4977223373616;2713,27660371813;49,8629706415091;0,280407088234653;0,0751319827544685;170,466061715281
"HIGH_H02_67_t5_5000x.fcs";"HIGH_H02_67_t5_5000x.fcs";9546;3099,5166599298;36,2836915582582;1966,34232407834;33,7918858541589;0,245772861439032;0,0665300456347772;196,58908284537
"HIGH_H02_90_t1_5000x.fcs";"HIGH_H02_90_t1_5000x.fcs";11122;3993,7176052946;50,1489062808638;2426,74682937455;49,3917273189629;0,273136066799658;0,0578228662919869;189,183332960759
"HIGH_H02_90_t5_5000x.fcs";"HIGH_H02_90_t5_5000x.fcs";9232;2794,56412689969;33,3817055568788;1710,34396503484;34,2279481628676;0,231022819902518;0,0635285290041195;209,628694091147
"HIGH_H03_67_t1_5000x.fcs";"HIGH_H03_67_t1_5000x.fcs";11106;4222,71420227219;48,9912464524842;2863,92713152162;49,8058721937092;0,282813931459627;0,0704323981576095;169,532257324854
"HIGH_H03_67_t5_5000x.fcs";"HIGH_H03_67_t5_5000x.fcs";9277;3228,01333813322;42,5510468109959;2079,49521099009;49,1329532668392;0,260893972841563;0,0642195287114356;186,842730251344
"HIGH_H03_90_t1_5000x.fcs";"HIGH_H03_90_t1_5000x.fcs";10827;3785,55281036938;48,2161899341037;2315,22326994157;35,0474577855705;0,266635776211723;0,060217671751985;191,101676390797
"HIGH_H03_90_t5_5000x.fcs";"HIGH_H03_90_t5_5000x.fcs";9263;2642,42997169302;36,0726187908103;1619,44313487527;34,1099013771435;0,217147715345323;0,0666126717767266;217,276147094519
"HIGH_H04_67_t1_5000x.fcs";"HIGH_H04_67_t1_5000x.fcs";10130;3627,51904208269;37,1400959717956;2435,40143058756;44,496946845503;0,267374608354611;0,0764352417779138;179,037863060837
"HIGH_H04_67_t5_5000x.fcs";"HIGH_H04_67_t5_5000x.fcs";9460;3206,50077950866;47,8271788313741;2055,04162315491;34,5087717829191;0,254142806279341;0,067280866807611;190,030871605466
"HIGH_H04_90_t1_5000x.fcs";"HIGH_H04_90_t1_5000x.fcs";11563;4032,72421878414;53,0071648102242;2548,1205593842;53,0844046462718;0,263981325925247;0,0618697694289795;188,465308237495
"HIGH_H04_90_t5_5000x.fcs";"HIGH_H04_90_t5_5000x.fcs";9567;2691,6336990521;27,7272473744732;1638,11647523298;29,5843574729365;0,214271419999428;0,0682989465820482;220,18960525074
"HIGH_H05_68_t1_5000x.fcs";"HIGH_H05_68_t1_5000x.fcs";11250;3911,54635168556;57,0884930434304;2337,68391179223;42,5439797767908;0,268433816777517;0,0661453552355556;195,420441451261
"HIGH_H05_68_t5_5000x.fcs";"HIGH_H05_68_t5_5000x.fcs";9053;2868,50158420972;36,6974909431919;1785,85621835351;31,8065862652924;0,23815266485309;0,0656405221194007;201,729198152023
"HIGH_H05_91_t1_5000x.fcs";"HIGH_H05_91_t1_5000x.fcs";11159;3589,35111010185;46,7886871023316;2050,97735511648;37,5347046444262;0,253651251550043;0,0572169951416555;211,381248715099
"HIGH_H05_91_t5_5000x.fcs";"HIGH_H05_91_t5_5000x.fcs";9790;3399,17057238568;30,6183295877131;2198,99403436577;42,1193995722595;0,259943478795841;0,0646088628929689;186,045656567098
"HIGH_H06_68_t1_5000x.fcs";"HIGH_H06_68_t1_5000x.fcs";10836;3813,61203111818;55,7331993947781;2326,14400199159;46,2866034739155;0,2677285777623;0,0648036806614159;190,921667023939
"HIGH_H06_68_t5_5000x.fcs";"HIGH_H06_68_t5_5000x.fcs";9260;2817,64567136761;32,8726763452524;1741,60894365254;29,3629541218309;0,230179050573822;0,0721923761364749;207,347018341737
"HIGH_H06_91_t1_5000x.fcs";"HIGH_H06_91_t1_5000x.fcs";11344;4296,2699035651;49,1219746946227;2770,97259944624;62,9907090637511;0,285563547231197;0,0642734936520378;176,304818965874
"HIGH_H06_91_t5_5000x.fcs";"HIGH_H06_91_t5_5000x.fcs";9565;2917,78366403914;32,0837812473002;1869,77886222095;34,5142946954442;0,230721350236647;0,0739992506002756;202,905438460569
"HIGH_H07_68_t1_5000x.fcs";"HIGH_H07_68_t1_5000x.fcs";11867;4292,49732965138;57,4142532427801;2738,09496966606;49,3338385397837;0,274157892520055;0,0628378584393079;183,538628661267
"HIGH_H07_68_t5_5000x.fcs";"HIGH_H07_68_t5_5000x.fcs";10082;3150,99561243258;38,1852294890244;1984,80736392141;38,1320009531922;0,237526683533737;0,0665014174386968;202,086065860577
"HIGH_H07_91_t1_5000x.fcs";"HIGH_H07_91_t1_5000x.fcs";11424;3989,46978565882;52,8352235929913;2393,18985431565;40,9764965787214;0,269052458838623;0,0581250114016195;194,750399931343
"HIGH_H07_91_t5_5000x.fcs";"HIGH_H07_91_t5_5000x.fcs";9032;2757,06819117438;28,7597765299345;1719,75658131517;30,0737339033655;0,230588397343841;0,0729981645322094;205,989643722781
"HIGH_H08_68_t1_5000x.fcs";"HIGH_H08_68_t1_5000x.fcs";11036;3916,29631346405;53,5613551177433;2319,10997108561;41,30138668516;0,272960038924066;0,0589147364892728;193,394705643913
"HIGH_H08_68_t5_5000x.fcs";"HIGH_H08_68_t5_5000x.fcs";10100;3226,00408227796;29,2879659439678;2077,99888618737;37,3932041175764;0,2405344995806;0,0687323086560141;195,659747745344
"HIGH_H08_91_t1_5000x.fcs";"HIGH_H08_91_t1_5000x.fcs";11191;4060,48297264365;51,7021672999895;2549,53925940823;38,7393941252971;0,276731203896431;0,0642620672155869;183,932740415535
"HIGH_H08_91_t5_5000x.fcs";"HIGH_H08_91_t5_5000x.fcs";9132;3077,63206450073;23,1377187175564;2008,858660689;26,5733956537861;0,251819952717355;0,0714180744035645;188,285121497083
"HIGH_H09_69_t1_5000x.fcs";"HIGH_H09_69_t1_5000x.fcs";11367;4077,8778082897;50,5182904848706;2460,07398783642;37,1173759288771;0,274809152859495;0,0638903631937632;190,20586811227
"HIGH_H09_69_t5_5000x.fcs";"HIGH_H09_69_t5_5000x.fcs";9316;2899,70079978068;38,4486511859373;1801,34421416458;32,6585480623983;0,235859615385645;0,066710240335929;204,713441882578
"HIGH_H09_92_t1_5000x.fcs";"HIGH_H09_92_t1_5000x.fcs";11443;3943,3968477046;56,0588993077959;2320,97089832394;34,5107969722819;0,265112461842188;0,0625203728706386;198,208855607087
"HIGH_H09_92_t5_5000x.fcs";"HIGH_H09_92_t5_5000x.fcs";9369;2843,59733579684;34,7677780913474;1815,41998202983;33,2683668595746;0,229724651567101;0,0740307676758004;204,699899175789
"HIGH_H10_69_t1_5000x.fcs";"HIGH_H10_69_t1_5000x.fcs";11247;4227,95191390287;46,3241694551338;2690,01609821697;68,1052480851037;0,283434925452283;0,0650050503257405;177,516088108887
"HIGH_H10_69_t5_5000x.fcs";"HIGH_H10_69_t5_5000x.fcs";10437;2902,51580602787;37,7780325168948;1691,74761003166;36,5050593987267;0,21708857204288;0,0592203742720768;227,601452281008
"HIGH_H10_92_t1_5000x.fcs";"HIGH_H10_92_t1_5000x.fcs";10976;4035,24335293975;49,1421572674989;2513,14380743758;40,9784108555573;0,280124612319795;0,063710989561641;184,195491269715
"HIGH_H10_92_t5_5000x.fcs";"HIGH_H10_92_t5_5000x.fcs";10073;3476,0496757681;45,3225081887409;2283,6447519883;47,2901453431365;0,258502933693117;0,069022217944023;184,893158413887
"HIGH_H11_69_t1_5000x.fcs";"HIGH_H11_69_t1_5000x.fcs";11911;4364,0736857122;44,7915836316837;2754,84481815314;61,149239362003;0,277755928057283;0,0673446940074914;181,819839947902
"HIGH_H11_69_t5_5000x.fcs";"HIGH_H11_69_t5_5000x.fcs";8561;2781,80429768967;44,0081577299695;1772,61436986459;35,7592593863167;0,244487494673685;0,0661721128654199;194,863113637147
"HIGH_H11_92_t1_5000x.fcs";"HIGH_H11_92_t1_5000x.fcs";11618;3922,19949807977;49,3666580950183;2314,42631327309;31,6539792504017;0,260538452623917;0,059951230232286;200,379888069562
"HIGH_H11_92_t5_5000x.fcs";"HIGH_H11_92_t5_5000x.fcs";8854;3242,04354854351;41,1853764142439;2141,36318974373;49,9863010110621;0,272878064133551;0,0743344188170328;177,314864345214
"HIGH_H12_69_t1_5000x.fcs";"HIGH_H12_69_t1_5000x.fcs";10879;4008,06776147791;43,0693480490268;2711,02469449939;48,7324928978778;0,274436967109846;0,072608786296539;173,478613122921
"HIGH_H12_69_t5_5000x.fcs";"HIGH_H12_69_t5_5000x.fcs";8739;2940,23975501281;34,5971108489511;1921,59694752684;38,7559756871394;0,252674708401782;0,0673439691944445;189,113554981222
"HIGH_H12_92_t1_5000x.fcs";"HIGH_H12_92_t1_5000x.fcs";11554;4322,38107724099;50,4962406201466;2811,67066326608;52,4677425539818;0,281306971370032;0,0610211560865734;176,074385792542
"HIGH_H12_92_t5_5000x.fcs";"HIGH_H12_92_t5_5000x.fcs";9726;3261,0656109226;38,331144956538;2063,40651881551;41,6934151057757;0,252306422895792;0,0628968284353405;192,066857558031
"LOW_F05_15_t1_5000x.fcs";"LOW_F05_15_t1_5000x.fcs";10732;3177,94559700827;38,5741861131649;1913,96538403142;28,8401150348908;0,227762580543002;0,0683237569717756;214,766809763283
"LOW_F05_15_t5_5000x.fcs";"LOW_F05_15_t5_5000x.fcs";13543;4259,5740205875;43,4542468583408;2772,22942249646;39,7013852919333;0,235984623102232;0,079379595842819;197,254084571466
"LOW_F06_15_t1_5000x.fcs";"LOW_F06_15_t1_5000x.fcs";11912;3991,02771476762;37,4005614681217;2522,99875797293;40,4075230566997;0,25395523477256;0,0708787335298795;192,626601997595
"LOW_F06_15_t5_5000x.fcs";"LOW_F06_15_t5_5000x.fcs";13922;4947,75705313424;39,1415982654233;3184,9965157554;45,1027571317764;0,267328498413046;0,0672208824666234;183,37061698818
"LOW_F07_15_t1_5000x.fcs";"LOW_F07_15_t1_5000x.fcs";11505;3330,86218705706;27,691912799917;2037,05047526358;29,8212882330309;0,222120128744568;0,0717463242725939;216,423915345992
"LOW_F07_15_t5_5000x.fcs";"LOW_F07_15_t5_5000x.fcs";13414;4461,00164165482;37,4009278231535;2930,8961627408;36,1213921414919;0,248784679020317;0,0826095518527105;189,47853949874
"LOW_F08_15_t1_5000x.fcs";"LOW_F08_15_t1_5000x.fcs";12140;4155,61684472088;52,8872495436221;2621,4881519313;40,2213593501703;0,259151286970699;0,0633436607373069;190,741061791524
"LOW_F08_15_t5_5000x.fcs";"LOW_F08_15_t5_5000x.fcs";13668;4964,8745683191;44,4985288628351;3279,5154013082;47,4367316717791;0,272714219472034;0,0763187207843446;178,054250660539
"LOW_F09_16_t1_5000x.fcs";"LOW_F09_16_t1_5000x.fcs";11286;3953,21279266738;33,8422687219614;2582,36335058326;45,2575911174606;0,262777343086112;0,0714276908258273;184,079362624929
"LOW_F09_16_t5_5000x.fcs";"LOW_F09_16_t5_5000x.fcs";12870;4191,85018810616;45,6621735962136;2651,59857833879;34,5132422528935;0,246343774891434;0,0691010899745166;196,088459024965
"LOW_F09_39_t1_5000x.fcs";"LOW_F09_39_t1_5000x.fcs";14351;5418,79010458344;32,933140324335;3474,31535694801;44,8306546644834;0,284853528674014;0,0749428939042701;177,217219355506
"LOW_F09_39_t5_5000x.fcs";"LOW_F09_39_t5_5000x.fcs";13369;4824,79179328686;46,2308019545329;3108,44968437665;52,1341553656983;0,269950382012063;0,0677573802778592;181,701770954749
"LOW_F10_16_t1_5000x.fcs";"LOW_F10_16_t1_5000x.fcs";11926;4255,2737577373;44,1249485790355;2836,99912287108;39,2871934265902;0,266703158960863;0,068615961884019;179,336595400502
"LOW_F10_16_t5_5000x.fcs";"LOW_F10_16_t5_5000x.fcs";12170;4087,29195881276;34,5794117675763;2692,53833939472;33,5358678450452;0,252678066081492;0,0765113122303926;188,038190933612
"LOW_F10_39_t1_5000x.fcs";"LOW_F10_39_t1_5000x.fcs";14240;5688,16399051469;36,7923660491998;3943,02794330898;62,9007712026664;0,296252224968132;0,0741579944135842;161,671736972552
"LOW_F10_39_t5_5000x.fcs";"LOW_F10_39_t5_5000x.fcs";14491;4624,06246971683;42,3244448439883;2856,69700517089;33,2977882934266;0,242533885536225;0,0675067133228704;202,160799411643
"LOW_F11_16_t1_5000x.fcs";"LOW_F11_16_t1_5000x.fcs";11336;3928,9003568474;35,4586769891956;2521,47613683886;48,0728202885912;0,261852797565383;0,0702189657894435;187,182594538273
"LOW_F11_16_t5_5000x.fcs";"LOW_F11_16_t5_5000x.fcs";11885;4203,64096886801;29,807428330008;2794,90016621419;31,5139616288365;0,265370818865881;0,075972783559455;180,389300605845
"LOW_F11_39_t1_5000x.fcs";"LOW_F11_39_t1_5000x.fcs";14095;5398,74578716491;56,2613304170052;3420,00595941018;48,7228071603281;0,289147038947547;0,0691864587748392;176,093214757643
"LOW_F11_39_t5_5000x.fcs";"LOW_F11_39_t5_5000x.fcs";13927;4985,20254717536;43,7311266808737;3181,93081255258;36,8640857690652;0,268630346778891;0,0670403684849984;183,578203955327
"LOW_F12_16_t1_5000x.fcs";"LOW_F12_16_t1_5000x.fcs";12033;4208,63173091762;41,5956732647994;2743,73988296332;47,7914823297933;0,261129987869022;0,0687630186686603;183,443477123028
"LOW_F12_16_t5_5000x.fcs";"LOW_F12_16_t5_5000x.fcs";12759;4141,03492396804;44,9791394441367;2673,71066520883;38,5235696150875;0,244185381499775;0,0742016890121332;194,092152129018
"LOW_F12_39_t1_5000x.fcs";"LOW_F12_39_t1_5000x.fcs";14388;5754,88402164395;49,9779730344915;3957,53718165148;54,6873892965085;0,295486128437741;0,0761315890346332;162,355260457237
"LOW_F12_39_t5_5000x.fcs";"LOW_F12_39_t5_5000x.fcs";13564;4443,43477171054;41,5171128172575;2816,22191475131;37,7338156670002;0,246323571232794;0,0793427882243498;195,359878534701
"LOW_G01_17_t1_100x.fcs";"LOW_G01_17_t1_100x.fcs";14115;4871,30632118427;73,3263777703587;2703,61406639757;47,6261225805829;0,269895044637101;0,0495532272290427;203,91887212752
"LOW_G01_17_t5_100x.fcs";"LOW_G01_17_t5_100x.fcs";11714;3020,17121932871;56,084275017422;1604,89211927911;28,9310011437742;0,210987508260059;0,046324760455998;252,234479255623
"LOW_G01_40_t1_5000x.fcs";"LOW_G01_40_t1_5000x.fcs";12515;3779,06244789131;47,5666886419622;2168,24689545986;35,0490306102483;0,237127781346589;0,0641879462902607;217,957243004931
"LOW_G01_40_t5_5000x.fcs";"LOW_G01_40_t5_5000x.fcs";13205;3929,65018209575;45,6930351040692;2321,96370656121;30,8437736449107;0,22964191513888;0,0575243384940904;216,724765859054
"LOW_G02_17_t1_100x.fcs";"LOW_G02_17_t1_100x.fcs";14061;4700,78345635663;46,6167486984952;2840,20379350303;55,4259441938192;0,257500806552275;0,0613395974839549;199,001800967902
"LOW_G02_17_t5_100x.fcs";"LOW_G02_17_t5_100x.fcs";11576;3139,34215205194;48,9591346185005;1639,32767897122;37,7842185147846;0,222178981420661;0,0455870484127253;246,628559686011
"LOW_G02_40_t1_5000x.fcs";"LOW_G02_40_t1_5000x.fcs";15017;5916,34654752758;45,1444171733349;3976,26529616187;47,5777167380896;0,294055864172375;0,0844252435417703;166,223687415372
"LOW_G02_40_t5_5000x.fcs";"LOW_G02_40_t5_5000x.fcs";12579;4174,92455852476;47,8754202449776;2678,62127209313;34,3027988880827;0,249723830399047;0,0707163094676101;192,170759173148
"LOW_G03_17_t1_100x.fcs";"LOW_G03_17_t1_100x.fcs";14192;4902,31901271615;67,4197944424224;2737,1058271777;45,867174478319;0,271544449900674;0,0468196368629166;204,864335410952
"LOW_G03_17_t5_100x.fcs";"LOW_G03_17_t5_100x.fcs";11899;3071,20562642982;34,0392060309841;1629,71579719442;41,8949257500303;0,211919898233968;0,0503055242650377;252,028288645061
"LOW_G03_40_t1_5000x.fcs";"LOW_G03_40_t1_5000x.fcs";11774;3536,33677235265;43,7023045613619;2072,2352721909;29,7418777492367;0,23421406097956;0,0624415777189155;215,744282782866
"LOW_G03_40_t5_5000x.fcs";"LOW_G03_40_t5_5000x.fcs";13197;4252,03397423669;35,7294235714174;2678,15274454566;26,8984786167452;0,244072368678694;0,0660549438421591;198,366918617234
"LOW_G04_17_t1_100x.fcs";"LOW_G04_17_t1_100x.fcs";13299;4675,87389485813;63,225884903668;2796,00218506935;61,0019088138329;0,269995981318626;0,0529160346294596;194,613440959422
"LOW_G04_17_t5_100x.fcs";"LOW_G04_17_t5_100x.fcs";11564;2823,79061137182;42,4703013179954;1455,57707770124;32,3485189542023;0,205494412852468;0,0417950504140942;263,544845828943
"LOW_G04_40_t1_5000x.fcs";"LOW_G04_40_t1_5000x.fcs";15272;5889,63531811108;51,6783306357049;3947,08054196988;58,3312425025058;0,287827804607415;0,0780679689971767;170,155323924767
"LOW_G04_40_t5_5000x.fcs";"LOW_G04_40_t5_5000x.fcs";13468;4494,73320220464;46,3227136012599;2846,72885789366;39,9739596166725;0,252670297409113;0,0681830039617388;193,150671986483
"LOW_G05_18_t1_5000x.fcs";"LOW_G05_18_t1_5000x.fcs";11312;4067,96429477989;31,1623247318155;2639,96843406501;34,7746445873391;0,270827707712813;0,0682453862941608;181,147816046118
"LOW_G05_18_t5_5000x.fcs";"LOW_G05_18_t5_5000x.fcs";12590;4327,73641378664;40,942968511855;2782,31032414461;33,4058268974439;0,258139916111235;0,0729449593806247;187,447364951739
"LOW_G06_18_t1_5000x.fcs";"LOW_G06_18_t1_5000x.fcs";11489;4016,91784500544;51,9837261875858;2578,09593417176;38,1201615122874;0,263951165435266;0,0635160288685387;185,438589959685
"LOW_G06_18_t5_5000x.fcs";"LOW_G06_18_t5_5000x.fcs";11594;3924,33858900688;32,5365767419502;2516,01367604815;29,7960262787258;0,254657399197628;0,0687765065231405;189,801355155668
"LOW_G07_18_t1_5000x.fcs";"LOW_G07_18_t1_5000x.fcs";11465;4054,16438347309;34,3791029721879;2559,20624114095;42,8169297569092;0,265622976576684;0,060396530581232;186,189461195651
"LOW_G07_18_t5_5000x.fcs";"LOW_G07_18_t5_5000x.fcs";13034;4456,28860503843;29,419747822068;2859,29421906973;52,0299052291753;0,257906860587353;0,0703376840175489;188,476904380227
"LOW_G08_18_t1_5000x.fcs";"LOW_G08_18_t1_5000x.fcs";11542;4039,26777652727;31,4241331168744;2647,39298886972;55,0829958818243;0,262204700904386;0,0663816094976643;183,881118218851
"LOW_G08_18_t5_5000x.fcs";"LOW_G08_18_t5_5000x.fcs";12047;4095,13240229712;46,8258997882026;2621,13646016125;35,1229728944721;0,25519805739105;0,0698312448926467;188,884609002485
"LOW_G09_19_t1_5000x.fcs";"LOW_G09_19_t1_5000x.fcs";12713;4279,98537528367;44,2508188063062;2638,15230226093;39,9094484693493;0,255555519587188;0,0614144462570804;195,805895960376
"LOW_G09_19_t5_5000x.fcs";"LOW_G09_19_t5_5000x.fcs";11809;4015,7941108273;39,9503840017857;2615,53931482447;37,6296931416892;0,253589245084901;0,0777748132426558;187,050606811064
"LOW_G10_19_t1_5000x.fcs";"LOW_G10_19_t1_5000x.fcs";12489;4099,65758628234;49,461967516987;2467,86802330779;48,3732895088662;0,251767255851197;0,0620318314098311;201,801812432038
"LOW_G10_19_t5_5000x.fcs";"LOW_G10_19_t5_5000x.fcs";13966;4830,5774927805;40,3831105555033;3226,34258081551;49,2307792261471;0,257330306927956;0,0692760307458085;182,833380705277
"LOW_G11_19_t1_5000x.fcs";"LOW_G11_19_t1_5000x.fcs";11901;4026,61701474278;36,4045654752361;2542,37821267618;34,7557895668669;0,256889553550253;0,063837459025759;193,021538717317
"LOW_G11_19_t5_5000x.fcs";"LOW_G11_19_t5_5000x.fcs";11782;4004,05505335096;36,4855782761614;2621,75937553101;39,8070076605109;0,254695864265498;0,073386271394257;187,783100384318
"LOW_G12_19_t1_5000x.fcs";"LOW_G12_19_t1_5000x.fcs";12639;4155,12389124279;51,7213799856472;2501,6015754073;39,1364940837034;0,251705980812247;0,0587766420190925;201,085626839857
"LOW_G12_19_t5_5000x.fcs";"LOW_G12_19_t5_5000x.fcs";12388;4616,72916559872;43,4213391898662;3109,20827811999;43,7923027539266;0,278942618921216;0,0765996694932934;173,194004795643
"LOW_H01_20_t1_5000x.fcs";"LOW_H01_20_t1_5000x.fcs";13336;4596,72886013935;39,1410300231081;2919,01477857818;27,6900635502892;0,260088820941694;0,0767483609681783;188,641959206947
"LOW_H01_20_t5_5000x.fcs";"LOW_H01_20_t5_5000x.fcs";12188;4201,9506508279;35,6036589181899;2762,16800641272;37,7035246284498;0,257555674473261;0,0733495940257269;184,522547024259
"LOW_H02_20_t1_5000x.fcs";"LOW_H02_20_t1_5000x.fcs";12875;4273,20397236227;36,8293063536023;2701,66606313347;46,8647987628857;0,250266157242033;0,0714005085553775;194,033900981723
"LOW_H02_20_t5_5000x.fcs";"LOW_H02_20_t5_5000x.fcs";12331;4559,28492220507;45,8548963163311;3091,33513933693;40,5155136928278;0,275626523094062;0,0717952930546625;173,268485873536
"LOW_H03_20_t1_5000x.fcs";"LOW_H03_20_t1_5000x.fcs";13699;4565,58989131584;29,8147410619198;2895,52978591494;31,2330526046396;0,252068742645769;0,080079063840749;193,262448024122
"LOW_H03_20_t5_5000x.fcs";"LOW_H03_20_t5_5000x.fcs";12447;4330,90964790074;35,5766525710024;2848,40529877946;44,7789607610559;0,259472680590998;0,0693763427584521;183,254378423947
"LOW_H04_20_t1_5000x.fcs";"LOW_H04_20_t1_5000x.fcs";12769;4423,699748988;48,5864792470581;2764,69398213889;44,4167795997089;0,263331473839084;0,0678369949943563;190,646251563763
"LOW_H04_20_t5_5000x.fcs";"LOW_H04_20_t5_5000x.fcs";12946;4714,14578821083;43,8063130424051;3114,54612216117;40,0298716503967;0,272408713696819;0,0714501436751536;178,025217940351
"LOW_H05_21_t1_5000x.fcs";"LOW_H05_21_t1_5000x.fcs";11498;3976,04712476066;44,265780567647;2547,65702302898;41,0397303969141;0,26043516322285;0,0685657944822912;187,274547821699
"LOW_H05_21_t5_5000x.fcs";"LOW_H05_21_t5_5000x.fcs";12875;4668,67864279954;49,2520104320539;3150,43937267741;45,6629457471507;0,270695528154363;0,0710961567212744;175,571675389527
"LOW_H06_21_t1_5000x.fcs";"LOW_H06_21_t1_5000x.fcs";11942;4320,51347432125;51,8763810598089;2812,18393143801;52,3600038022445;0,270424689188927;0,063646519081046;179,671029192478
"LOW_H06_21_t5_5000x.fcs";"LOW_H06_21_t5_5000x.fcs";13316;4718,9795188637;50,6478480043798;3138,93112170925;50,5283986648736;0,26433245083349;0,0685147140930251;180,311074080885
"LOW_H07_21_t1_5000x.fcs";"LOW_H07_21_t1_5000x.fcs";11367;3899,48887984442;49,7647473305663;2490,89547607395;31,4714253293381;0,259099864195693;0,0670221876332171;189,394624494679
"LOW_H07_21_t5_5000x.fcs";"LOW_H07_21_t5_5000x.fcs";13301;4732,87062218928;48,8564007900689;3155,73255236065;46,4405685473375;0,266035316173566;0,0667964560657595;179,428867419959
"LOW_H08_21_t1_5000x.fcs";"LOW_H08_21_t1_5000x.fcs";12248;4443,05583712447;51,6981839141512;2918,8366835436;57,2476679413924;0,271978249013763;0,0647690178345544;179,370342706577
"LOW_H08_21_t5_5000x.fcs";"LOW_H08_21_t5_5000x.fcs";12952;4805,22698903737;38,7974932574309;3193,49858162118;46,9126255438763;0,275999255456152;0,0759136993349512;174,643962162874
"LOW_H09_22_t1_5000x.fcs";"LOW_H09_22_t1_5000x.fcs";12767;4393,21951795428;49,5008719462052;2818,32126299055;46,8129679648185;0,258523033485319;0,0658275053120995;187,419894802926
"LOW_H09_22_t5_5000x.fcs";"LOW_H09_22_t5_5000x.fcs";12401;4145,04028332057;40,6165220208599;2724,79592369015;35,652374325241;0,250283237369498;0,0889033882613666;188,230980083221
"LOW_H10_22_t1_5000x.fcs";"LOW_H10_22_t1_5000x.fcs";11906;4230,8688659022;39,5920677371828;2689,46271630202;44,7619825934604;0,266024761976498;0,0622635099448733;184,820123543434
"LOW_H10_22_t5_5000x.fcs";"LOW_H10_22_t5_5000x.fcs";11448;4166,79984716802;41,1717863224997;2845,0033748953;43,0881750477447;0,271147469690254;0,0788898051640304;173,927334642262
"LOW_H11_22_t1_5000x.fcs";"LOW_H11_22_t1_5000x.fcs";11666;4263,79896310044;41,0718170148903;2847,34345887458;47,5369405256671;0,273789084543689;0,0685990002201101;176,350187432231
"LOW_H11_22_t5_5000x.fcs";"LOW_H11_22_t5_5000x.fcs";13220;4447,31034291746;39,7210823478704;2939,25411648941;33,0854029334061;0,250457029906215;0,0774753136837094;187,187215401212
"LOW_H12_22_t1_5000x.fcs";"LOW_H12_22_t1_5000x.fcs";11740;4156,73122654642;46,8860644099471;2678,77860144662;52,0498183218621;0,266490206128321;0,063805895016673;183,454866662334
"LOW_H12_22_t5_5000x.fcs";"LOW_H12_22_t5_5000x.fcs";12382;4269,30926683809;42,4737188855742;2852,1463759662;38,6332681840686;0,257892426220209;0,0815281402881581;182,479424936524
"MEDIUM_G09_42_t1_5000x.fcs";"MEDIUM_G09_42_t1_5000x.fcs";11190;3909,24506416005;40,5802764850042;2480,1573835983;45,1250142817343;0,262823906828768;0,0747480186174142;187,097740842982
"MEDIUM_G09_42_t5_5000x.fcs";"MEDIUM_G09_42_t5_5000x.fcs";13642;4525,44396947568;29,1277415067371;2942,78865031313;42,1615372248572;0,249347230922304;0,0767718094260373;190,85564597296
"MEDIUM_G10_42_t1_5000x.fcs";"MEDIUM_G10_42_t1_5000x.fcs";11168;4005,28842343565;43,0912028053442;2516,08524994571;36,7251887430683;0,270644941619169;0,0668697550204842;185,947721220084
"MEDIUM_G10_42_t5_5000x.fcs";"MEDIUM_G10_42_t5_5000x.fcs";13338;4656,57106685891;36,4372021490282;3044,106080128;31,8731832878909;0,261487291317441;0,070660723447648;184,31884828393
"MEDIUM_G11_42_t1_5000x.fcs";"MEDIUM_G11_42_t1_5000x.fcs";11636;4108,48441872637;49,2584824786222;2616,82337893518;52,9402828387209;0,265578172256751;0,0689401927210878;185,816196040203
"MEDIUM_G11_42_t5_5000x.fcs";"MEDIUM_G11_42_t5_5000x.fcs";14573;5035,83172235791;42,947788077239;3246,12765767538;42,1144143605515;0,25978591541902;0,0738417865446115;186,449762035636
"MEDIUM_G12_42_t1_5000x.fcs";"MEDIUM_G12_42_t1_5000x.fcs";11487;4070,67946575372;37,9998044553848;2575,1996478513;45,2853011411484;0,267171583724289;0,0730065740001136;185,531883349807
"MEDIUM_G12_42_t5_5000x.fcs";"MEDIUM_G12_42_t5_5000x.fcs";14184;4805,82388506232;49,8131105287908;3147,86746469123;38,044769266957;0,253457094734866;0,0694163597266003;187,520353843183
"MEDIUM_H01_43_t1_5000x.fcs";"MEDIUM_H01_43_t1_5000x.fcs";12921;4530,49522883534;42,010143367935;3023,69365891788;38,5176452967317;0,261055713965855;0,0769502021718894;181,700079032869
"MEDIUM_H01_43_t5_5000x.fcs";"MEDIUM_H01_43_t5_5000x.fcs";13784;4851,43061817399;46,3508739198745;3199,39183275186;49,3989321845896;0,263233734865419;0,0693600321888593;181,70235495342
"MEDIUM_H02_43_t1_5000x.fcs";"MEDIUM_H02_43_t1_5000x.fcs";13273;4460,03977023683;38,8308136364896;2926,69380650932;42,6886068531169;0,250816067828039;0,0706559064041137;187,885411823017
"MEDIUM_H02_43_t5_5000x.fcs";"MEDIUM_H02_43_t5_5000x.fcs";12642;4410,22406765083;29,9859876885136;2841,64480522658;38,5602791996047;0,260388486606599;0,0661622715892095;185,705372922164
"MEDIUM_H03_43_t1_5000x.fcs";"MEDIUM_H03_43_t1_5000x.fcs";12281;4208,43911010371;45,2644494647805;2805,51473982501;33,2157563633905;0,255888748927662;0,0745895430073144;183,339033114707
"MEDIUM_H03_43_t5_5000x.fcs";"MEDIUM_H03_43_t5_5000x.fcs";13849;4742,66379814792;40,2126722677192;3103,14700775297;42,1106012048463;0,255448125890577;0,0712318422228765;186,107756277773
"MEDIUM_H04_43_t1_5000x.fcs";"MEDIUM_H04_43_t1_5000x.fcs";12598;4361,15577982369;44,4882216634456;2896,69991182551;38,6791258469328;0,258383689732324;0,0739205860283036;183,30588588876
"MEDIUM_H04_43_t5_5000x.fcs";"MEDIUM_H04_43_t5_5000x.fcs";13373;4675,03474388529;46,6942683640237;3047,08174665371;54,1139988199476;0,261694052083993;0,0657828295599624;184,359064351797
"MEDIUM_H05_44_t1_5000x.fcs";"MEDIUM_H05_44_t1_5000x.fcs";13191;4307,16954232307;49,2440108493374;2562,58420135615;32,4911433183224;0,251781789908278;0,068445994560273;204,318329749538
"MEDIUM_H05_44_t5_5000x.fcs";"MEDIUM_H05_44_t5_5000x.fcs";12102;4250,47420741999;46,2430874468568;2833,3572571912;27,5874484788738;0,261809461391143;0,0707184714917418;180,512689006696
"MEDIUM_H05_46_t1_5000x.fcs";"MEDIUM_H05_46_t1_5000x.fcs";13410;2836,18535513495;30,9068214106723;1644,49676502807;28,6636153307402;0,170678104108275;0,065079156294261;267,089563594989
"MEDIUM_H06_44_t1_5000x.fcs";"MEDIUM_H06_44_t1_5000x.fcs";13211;4270,25672295536;53,8583630417315;2558,16159997083;28,6886032558307;0,249401732986546;0,0651781777698355;204,153640842896
"MEDIUM_H06_44_t5_5000x.fcs";"MEDIUM_H06_44_t5_5000x.fcs";13252;4646,25723914416;45,0994610245662;3039,56445824422;61,0767672164709;0,263194145289329;0,0695068341688101;183,774926116702
"MEDIUM_H06_46_t1_5000x.fcs";"MEDIUM_H06_46_t1_5000x.fcs";14747;2961,87279365878;39,568034733786;1712,53636339423;25,9332914392271;0,164373536027327;0,0601732769822623;276,639451224462
"MEDIUM_H07_44_t1_5000x.fcs";"MEDIUM_H07_44_t1_5000x.fcs";12686;4277,22967571422;48,8624248409785;2574,65134931848;46,0727133379039;0,256818635266725;0,0694182732219988;197,714720263067
"MEDIUM_H07_44_t5_5000x.fcs";"MEDIUM_H07_44_t5_5000x.fcs";13589;4528,68968812088;41,5391120782531;2936,04762638543;34,7490599670696;0,251611679180276;0,0696429496850609;190,464993123646
"MEDIUM_H07_46_t1_5000x.fcs";"MEDIUM_H07_46_t1_5000x.fcs";13698;2969,21803750233;34,417983301517;1742,85874775503;36,8491212097848;0,17492286833468;0,0675844207998409;262,868723801876
"MEDIUM_H08_44_t1_5000x.fcs";"MEDIUM_H08_44_t1_5000x.fcs";14079;4559,15313668771;42,435002002584;2721,98419478519;43,0010221885732;0,247410845238358;0,0657168646350766;204,443729894524
"MEDIUM_H08_44_t5_5000x.fcs";"MEDIUM_H08_44_t5_5000x.fcs";14202;5087,24309547405;35,417340804725;3316,55068679999;47,2513184368852;0,268109588878715;0,0769607110085889;181,503529207915
"MEDIUM_H08_46_t1_5000x.fcs";"MEDIUM_H08_46_t1_5000x.fcs";14193;3173,81914657411;37,0145941020452;1846,45118897591;25,1495472948978;0,180225792116136;0,0604750719848843;257,975963807132
"MEDIUM_H09_45_t1_5000x.fcs";"MEDIUM_H09_45_t1_5000x.fcs";12766;4353,59945414688;27,5598742927676;2907,442866726;42,376185003255;0,254574119921175;0,077560144213849;184,401552837411
"MEDIUM_H09_45_t5_5000x.fcs";"MEDIUM_H09_45_t5_5000x.fcs";13193;4654,67715623848;36,9098183835246;3075,94850447106;35,90564383642;0,263791821129243;0,0672842053157501;181,550049290656
"MEDIUM_H10_45_t1_5000x.fcs";"MEDIUM_H10_45_t1_5000x.fcs";13630;4431,34611102044;47,6595053949734;2817,66310642952;39,1231685630664;0,245344770443775;0,0688936846830795;195,702395794987
"MEDIUM_H10_45_t5_5000x.fcs";"MEDIUM_H10_45_t5_5000x.fcs";12938;4282,24854497427;37,9881656317076;2838,32275127711;46,2627558837662;0,247789201874144;0,0785578689604495;188,720315476977
"MEDIUM_H11_45_t1_5000x.fcs";"MEDIUM_H11_45_t1_5000x.fcs";12650;4401,29563908775;40,0376363890652;2915,57458208678;28,0720858071161;0,259846328846569;0,0738877970535394;182,963930202602
"MEDIUM_H11_45_t5_5000x.fcs";"MEDIUM_H11_45_t5_5000x.fcs";13118;4577,59957947209;43,6651658473874;3034,82559385183;48,2565919812933;0,26007918149566;0,0701906539817628;181,737820591897
"MEDIUM_H12_45_t1_5000x.fcs";"MEDIUM_H12_45_t1_5000x.fcs";12800;4380,25776734262;25,4181761638536;2912,4145826855;49,3150729305118;0,255700447074245;0,0796253690185547;184,697528082405
"MEDIUM_H12_45_t5_5000x.fcs";"MEDIUM_H12_45_t5_5000x.fcs";13429;4509,77224703849;30,4785414678447;3007,17542319526;41,8259456825792;0,251162660444668;0,076697233680164;186,738862333457
